feature,importance,std
abc_class,0.0009145621663651182,0.00014732070958256886
category,0.00022371119160540242,0.0002134702730386507
cover_days,0.01608112285972052,0.0011016939990185564
days_to_diwali,-0.0009762369384213488,0.00025183022883334163
dc_id,0.003804684243396861,0.0006555881671207645
demand_cv,0.021695796911419964,0.0008301882333957844
demand_trend,0.004526739875236663,0.0006045255917158892
pipeline_cover_days,0.026776652897422128,0.001756130846296847
stock_to_reorder_point,0.256157735601183,0.0017861942533924286
supplier_lead_sd_180d,0.0045604254705775785,0.0007228717776633406
supplier_on_time_180d,0.0024431375939214075,0.0004509641870399331
