sku,category,supplier_id,unit_cost,unit_price,case_qty
PE-001,Personal care,S001,82.33,106.72,24
PE-002,Personal care,S006,127.14,169.68,48
PE-003,Personal care,S004,355.96,465.6,6
PE-004,Personal care,S009,49.17,64.84,12
PE-005,Personal care,S005,166.84,211.42,48
PE-006,Personal care,S002,61.44,76.29,6
PE-007,Personal care,S004,82.7,105.65,48
PE-008,Personal care,S001,68.72,86.28,48
PE-009,Personal care,S010,126.01,167.9,24
PE-010,Personal care,S009,148.15,196.93,12
PE-011,Personal care,S001,346.65,434.39,6
PE-012,Personal care,S008,371.79,489.66,12
PE-013,Personal care,S002,207.94,279.71,24
PE-014,Personal care,S008,94.16,111.92,6
PE-015,Personal care,S009,340.42,408.2,48
PE-016,Personal care,S002,115.14,148.77,24
PE-017,Personal care,S008,381.54,490.96,12
PE-018,Personal care,S008,55.27,69.09,6
PE-019,Personal care,S009,265.36,318.23,24
PE-020,Personal care,S008,256.81,325.88,48
PE-021,Personal care,S002,39.3,46.51,6
PE-022,Personal care,S010,64.91,82.85,6
PE-023,Personal care,S002,151.78,196.59,6
PE-024,Personal care,S006,75.72,96.28,48
PE-025,Personal care,S003,179.55,217.71,24
PE-026,Personal care,S003,38.63,51.89,48
PE-027,Personal care,S006,39.7,48.99,12
PE-028,Personal care,S002,166.07,204.82,48
PE-029,Personal care,S004,253.7,332.44,6
PE-030,Personal care,S006,57.14,73.63,24
PE-031,Personal care,S005,44.46,57.24,24
PE-032,Personal care,S004,257.75,335.78,12
PE-033,Personal care,S002,321.9,381.3,6
PE-034,Personal care,S002,59.67,79.99,24
PE-035,Personal care,S009,65.59,84.72,12
PE-036,Personal care,S009,90.11,116.48,6
PE-037,Personal care,S004,89.28,113.54,12
PE-038,Personal care,S003,64.72,81.4,12
PE-039,Personal care,S008,227.2,279.67,24
PE-040,Personal care,S010,233.17,280.42,6
PE-041,Personal care,S008,42.83,52.5,48
PE-042,Personal care,S005,277.21,335.93,24
PE-043,Personal care,S009,314.76,409.46,12
PE-044,Personal care,S001,213.3,281.64,48
PE-045,Personal care,S008,87.93,111.51,6
PE-046,Personal care,S003,56.24,71.49,12
PE-047,Personal care,S006,324.82,393.46,6
PE-048,Personal care,S002,173.63,234.31,24
PE-049,Personal care,S001,284.34,354.62,48
PE-050,Personal care,S009,55.35,72.44,48
HO-001,Home care,S013,78.88,103.22,6
HO-002,Home care,S017,316.98,391.79,24
HO-003,Home care,S013,56.72,67.81,24
HO-004,Home care,S014,146.09,179.39,48
HO-005,Home care,S017,194.65,261.14,24
HO-006,Home care,S011,101.84,134.63,24
HO-007,Home care,S014,180.63,230.08,6
HO-008,Home care,S016,46.34,54.8,24
HO-009,Home care,S014,114.89,149.64,12
HO-010,Home care,S018,207.31,264.46,6
HO-011,Home care,S016,326.14,409.95,6
HO-012,Home care,S017,138.21,177.03,6
HO-013,Home care,S013,62.12,75.39,48
HO-014,Home care,S018,216.59,275.95,24
HO-015,Home care,S017,114.16,150.6,24
HO-016,Home care,S014,169.66,216.3,12
HO-017,Home care,S018,213.68,269.09,12
HO-018,Home care,S011,124.31,164.16,12
HO-019,Home care,S011,267.9,336.49,48
HO-020,Home care,S016,43.22,57.32,12
HO-021,Home care,S017,140.43,181.89,24
HO-022,Home care,S011,103.11,126.8,6
HO-023,Home care,S015,105.49,130.8,48
HO-024,Home care,S012,92.34,123.84,24
HO-025,Home care,S013,93.5,124.39,12
HO-026,Home care,S012,187.21,248.49,6
HO-027,Home care,S011,121.78,152.4,6
HO-028,Home care,S012,257.75,337.79,12
HO-029,Home care,S016,92.7,112.56,24
HO-030,Home care,S017,196.27,233.49,48
HO-031,Home care,S014,251.93,299.95,12
HO-032,Home care,S013,69.62,86.61,24
HO-033,Home care,S013,71.52,90.77,12
HO-034,Home care,S011,63.2,77.68,48
HO-035,Home care,S014,71.23,89.17,6
HO-036,Home care,S017,197.62,237.79,6
HO-037,Home care,S014,225.53,301.52,12
HO-038,Home care,S017,161.86,211.64,48
HO-039,Home care,S018,71.34,90.11,12
HO-040,Home care,S012,108.03,129.97,24
PA-001,Packaged foods,S027,30.27,37.11,6
PA-002,Packaged foods,S026,29.24,35.57,12
PA-003,Packaged foods,S025,247.47,316.09,12
PA-004,Packaged foods,S022,30.13,40.09,6
PA-005,Packaged foods,S022,184.61,236.51,6
PA-006,Packaged foods,S019,215.61,273.54,6
PA-007,Packaged foods,S026,165.26,202.45,6
PA-008,Packaged foods,S028,80.29,107.96,12
PA-009,Packaged foods,S026,27.73,33.44,12
PA-010,Packaged foods,S021,102.51,131.06,48
PA-011,Packaged foods,S025,55.87,73.07,24
PA-012,Packaged foods,S028,183.77,223.04,24
PA-013,Packaged foods,S020,84.67,108.82,6
PA-014,Packaged foods,S027,34.97,45.63,24
PA-015,Packaged foods,S026,48.91,62.22,12
PA-016,Packaged foods,S020,100.32,132.33,6
PA-017,Packaged foods,S022,32.16,38.9,6
PA-018,Packaged foods,S026,240.05,296.82,6
PA-019,Packaged foods,S023,80.29,95.7,48
PA-020,Packaged foods,S028,83.86,109.58,24
PA-021,Packaged foods,S027,35.5,47.82,12
PA-022,Packaged foods,S023,33.38,41.15,48
PA-023,Packaged foods,S023,25.8,31.16,48
PA-024,Packaged foods,S021,129.45,156.39,24
PA-025,Packaged foods,S028,50.7,61.69,6
PA-026,Packaged foods,S021,79.35,101.55,12
PA-027,Packaged foods,S021,27.2,35.59,12
PA-028,Packaged foods,S023,68.32,85.34,48
PA-029,Packaged foods,S022,244.74,319.41,12
PA-030,Packaged foods,S028,35.36,45.35,12
PA-031,Packaged foods,S023,35.92,45.29,24
PA-032,Packaged foods,S020,280.29,336.88,24
PA-033,Packaged foods,S026,32.3,39.93,6
PA-034,Packaged foods,S022,27.14,34.85,48
PA-035,Packaged foods,S028,102.7,131.03,12
PA-036,Packaged foods,S025,134.99,162.88,48
PA-037,Packaged foods,S025,69.44,92.47,48
PA-038,Packaged foods,S021,48.42,64.9,12
PA-039,Packaged foods,S023,63.14,78.86,48
PA-040,Packaged foods,S021,76.14,95.45,12
PA-041,Packaged foods,S027,29.09,37.12,48
PA-042,Packaged foods,S024,183.57,223.91,6
PA-043,Packaged foods,S024,53.2,66.16,48
PA-044,Packaged foods,S026,121.51,145.58,6
PA-045,Packaged foods,S022,163.79,210.98,12
PA-046,Packaged foods,S028,68.28,83.51,24
PA-047,Packaged foods,S026,113.7,137.15,24
PA-048,Packaged foods,S024,30.5,37.04,48
PA-049,Packaged foods,S020,41.12,50.53,48
PA-050,Packaged foods,S023,293.1,347.97,48
BE-001,Beverages,S033,110.4,146.58,24
BE-002,Beverages,S033,42.75,57.27,12
BE-003,Beverages,S030,25.21,33.99,6
BE-004,Beverages,S032,22.79,28.85,24
BE-005,Beverages,S031,195.74,235.13,48
BE-006,Beverages,S033,53.14,68.34,48
BE-007,Beverages,S029,79.6,104.99,6
BE-008,Beverages,S034,106.76,134.53,6
BE-009,Beverages,S030,72.84,91.26,6
BE-010,Beverages,S032,22.91,27.11,12
BE-011,Beverages,S034,49.92,61.42,24
BE-012,Beverages,S032,30.29,40.69,48
BE-013,Beverages,S032,61.05,75.05,48
BE-014,Beverages,S033,39.83,49.26,24
BE-015,Beverages,S032,184.17,242.59,6
BE-016,Beverages,S034,49.64,59.16,12
BE-017,Beverages,S029,89.12,115.3,6
BE-018,Beverages,S029,210.09,276.71,48
BE-019,Beverages,S031,204.81,271.93,6
BE-020,Beverages,S031,88.85,107.87,24
BE-021,Beverages,S032,40.15,48.25,6
BE-022,Beverages,S033,182.65,215.94,6
BE-023,Beverages,S034,27.61,35.32,6
BE-024,Beverages,S033,55.98,72.38,6
BE-025,Beverages,S034,52.08,69.46,12
BE-026,Beverages,S031,112.06,149.27,12
BE-027,Beverages,S030,67.16,86.93,48
BE-028,Beverages,S029,27.77,32.91,48
BE-029,Beverages,S032,199.35,240.7,6
BE-030,Beverages,S032,24.6,31.51,12
SN-001,Snacks,S036,33.75,42.77,6
SN-002,Snacks,S039,44.26,58.67,24
SN-003,Snacks,S036,49.74,62.58,48
SN-004,Snacks,S036,13.01,16.64,48
SN-005,Snacks,S035,84.28,100.27,48
SN-006,Snacks,S036,17.05,21.06,12
SN-007,Snacks,S036,54.75,64.72,48
SN-008,Snacks,S040,26.65,33.94,48
SN-009,Snacks,S035,78.35,96.31,24
SN-010,Snacks,S037,34.97,44.82,48
SN-011,Snacks,S037,32.93,42.12,12
SN-012,Snacks,S038,131.48,164.27,12
SN-013,Snacks,S036,110.27,138.95,24
SN-014,Snacks,S035,37.22,45.71,48
SN-015,Snacks,S037,22.37,28.71,48
SN-016,Snacks,S036,12.66,15.08,48
SN-017,Snacks,S036,107.5,129.19,12
SN-018,Snacks,S037,36.67,46.38,6
SN-019,Snacks,S035,30.18,40.31,24
SN-020,Snacks,S038,15.47,19.55,12
SN-021,Snacks,S040,12.65,16.89,24
SN-022,Snacks,S040,20.31,25.07,24
SN-023,Snacks,S035,12.58,15.02,6
SN-024,Snacks,S039,22.12,29.46,48
SN-025,Snacks,S038,20.01,24.93,6
SN-026,Snacks,S038,79.11,102.8,6
SN-027,Snacks,S037,137.44,182.34,24
SN-028,Snacks,S040,26.39,34.4,6
SN-029,Snacks,S039,28.3,36.09,48
SN-030,Snacks,S039,130.25,175.82,12
